<?xml version="1.0" encoding="UTF-8"?>

<mule xmlns:ee="http://www.mulesoft.org/schema/mule/ee/core" xmlns:db="http://www.mulesoft.org/schema/mule/db"
	xmlns:http="http://www.mulesoft.org/schema/mule/http"
	xmlns="http://www.mulesoft.org/schema/mule/core" xmlns:doc="http://www.mulesoft.org/schema/mule/documentation" xmlns:xsi="http://www.w3.org/2001/XMLSchema-instance" xsi:schemaLocation="http://www.mulesoft.org/schema/mule/core http://www.mulesoft.org/schema/mule/core/current/mule.xsd
http://www.mulesoft.org/schema/mule/http http://www.mulesoft.org/schema/mule/http/current/mule-http.xsd
http://www.mulesoft.org/schema/mule/db http://www.mulesoft.org/schema/mule/db/current/mule-db.xsd
http://www.mulesoft.org/schema/mule/ee/core http://www.mulesoft.org/schema/mule/ee/core/current/mule-ee.xsd">
	<http:listener-config name="HTTP_Listener_config" doc:name="HTTP Listener config" doc:id="b4d85490-6cfa-470b-b855-386eb2cee8c5" >
		<http:listener-connection host="0.0.0.0" port="8081" />
	</http:listener-config>
	<db:config name="Database_Config" doc:name="Database Config" doc:id="c24e31c4-db5c-412c-8117-50c7930506c1" >
		<db:my-sql-connection host="iltdb.learn.mulesoft.com" port="3306" user="mule" password="mule" database="training" />
	</db:config>
	<flow name="getFlights" doc:id="ca1b60c3-6ee8-4f6e-aaf5-4ea2c8dfc033" >
		<db:select doc:name="Select" doc:id="50be0f1e-0ab3-4025-a56b-5761be933148" config-ref="Database_Config">
			<db:sql ><![CDATA[SELECT *FROM american]]></db:sql>
		</db:select>
		<ee:transform doc:name="Transform Message" doc:id="b70147c0-6c78-4c58-9fbb-f442ead60444" >
			<ee:message >
				<ee:set-payload ><![CDATA[%dw 2.0
output application/json
---
payload map ( payload01 , indexOfPayload01 ) -> {
	ID: payload01.ID,
	code: (payload01.code1 default "") ++ (payload01.code2 default ""),
	price: payload01.price default 0,
	departureDate: payload01.takeOffDate as String default "",
	origin: payload01.fromAirport default "",
	destination: payload01.toAirport default "",
	emptySeats: payload01.seatsAvailable default 0,
	plane: {
		"type": payload01.planeType default "",
		totalSeats: payload01.totalSeats default 0
	}
}]]></ee:set-payload>
			</ee:message>
		</ee:transform>
	</flow>
	<flow name="getFlightsByID" doc:id="7eceba21-c151-409d-a7d8-8088d42ad6b2" >
		<db:select doc:name="Copy_of_Select" doc:id="49d4f134-a917-45d7-a5f3-0da64134b617" config-ref="Database_Config" >
			<db:sql ><![CDATA[SELECT * 
FROM american
WHERE ID = :ID]]></db:sql>
			<db:input-parameters ><![CDATA[#[{'ID' : attributes.uriParams.ID}]]]></db:input-parameters>
		</db:select>
		<ee:transform doc:name="Copy_of_Transform Message" doc:id="a568fb8f-2414-49c8-a2d5-daad3057c1b2" >
			<ee:message >
				<ee:set-payload ><![CDATA[%dw 2.0
output application/json
---
payload map ( payload01 , indexOfPayload01 ) -> {
	ID: payload01.ID,
	code: (payload01.code1 default "") ++ (payload01.code2 default ""),
	price: payload01.price default 0,
	departureDate: payload01.takeOffDate as String default "",
	origin: payload01.fromAirport default "",
	destination: payload01.toAirport default "",
	emptySeats: payload01.seatsAvailable default 0,
	plane: {
		"type": payload01.planeType default "",
		totalSeats: payload01.totalSeats default 0
	}
}]]></ee:set-payload>
			</ee:message>
		</ee:transform>
	</flow>
	<flow name="postFlight" doc:id="f0512023-c01e-4174-8c80-f060ff5ddb82" >
		<set-payload value='{"message": "Flight added (but not really)"}' doc:name="Set Payload" doc:id="3a42a1c3-df11-47f2-82b8-18489545ba96" />
	</flow>
</mule>
